"CSV Row","Transaction ID",Status,Amount
1,362,success,175000.00
2,52,expire,175000.00
3,53,expire,200000.00
4,54,expire,200000.00
5,56,pending,175000.00
6,58,pending,350000.00
7,58,pending,350000.00
8,59,expire,600000.00
9,59,expire,600000.00
10,59,expire,600000.00
11,61,pending,200000.00
12,62,expire,200000.00
13,63,pending,200000.00
14,64,expire,175000.00
15,67,pending,375000.00
16,67,pending,375000.00
17,68,expire,200000.00
18,70,pending,200000.00
19,72,expire,200000.00
20,73,pending,175000.00
21,80,expire,200000.00
22,81,pending,175000.00
23,83,pending,175000.00
24,1874,success,1750000.00
25,1874,success,1750000.00
26,84,expire,200000.00
27,1874,success,1750000.00
28,1874,success,1750000.00
29,1874,success,1750000.00
30,1874,success,1750000.00
31,1874,success,1750000.00
32,1874,success,1750000.00
33,1874,success,1750000.00
34,1874,success,1750000.00
35,134,pending,175000.00
36,126,expire,200000.00
37,106,expire,200000.00
38,92,expire,175000.00
39,87,expire,175000.00
40,2266,success,2800000.00
41,2266,success,2800000.00
42,2266,success,2800000.00
43,2266,success,2800000.00
44,2266,success,2800000.00
45,2266,success,2800000.00
46,2266,success,2800000.00
47,2266,success,2800000.00
48,2266,success,2800000.00
49,2266,success,2800000.00
50,2266,success,2800000.00
51,2266,success,2800000.00
52,2266,success,2800000.00
53,2266,success,2800000.00
54,2266,success,2800000.00
55,2266,success,2800000.00
56,2266,success,2800000.00
